﻿{"cameraMode":{"drawMode":0,"name":"Shaded","section":"Shading Mode"},"sceneLighting":true,"audioPlay":false,"sceneViewState":{"showFog":true,"showMaterialUpdate":false,"showSkybox":true,"showFlares":true,"showImageEffects":true,"showParticleSystems":true},"in2DMode":false,"pivot":{"x":-1.016611933708191,"y":0.023634910583496095,"z":0.945098876953125},"rotation":{"x":-0.0029288283549249174,"y":0.9833890795707703,"z":-0.18078596889972688,"w":-0.01593126729130745},"size":10.0,"orthographic":false}