﻿{"cameraMode":{"drawMode":0,"name":"Shaded","section":"Shading Mode"},"sceneLighting":false,"audioPlay":false,"sceneViewState":{"showFog":true,"showMaterialUpdate":false,"showSkybox":false,"showFlares":true,"showImageEffects":true,"showParticleSystems":true},"in2DMode":false,"pivot":{"x":-2.4600000381469728,"y":0.2199999988079071,"z":-2.630000114440918},"rotation":{"x":-0.07711200416088104,"y":0.9181979298591614,"z":-0.22208184003829957,"w":-0.31881970167160036},"size":1.4388808012008668,"orthographic":false}